BAU,DSOM,TSOM
-993422.6152053691,-980329.3502164792,-948433.0327518734
