BAU,DSOM,TSOM
5.743132374612777e7,5.602062504456335e7,5.25180185943081e7
