Case,Save
TSOM,14.756746182570424
DSOM,8.655870296718472
