SummeUp,SummeLL,SummeDn
4.4478459895723695e6,293647.6036463589,-4.741493589315891e6
