BAU,DSOM,TSOM
-5.647562397121754e6,-5.6944849285548385e6,-5.524615093933826e6
