Case,Save
TSOM,33.51269632054787
DSOM,25.778017378001774
