case,cost
BAU,9.39545508582179e9
DSOM,9.24225949972608e9
TSOM,9.088978088484394e9
