SummeUp,SummeLL,SummeDn
5.026092740321844e6,330776.83897598146,-5.356869575394728e6
