SummeUp,SummeLL,SummeDn
4.167814957369737e7,3.177608543476976e6,-4.485575811716977e7
