Case,Save
TSOM,16.60192360002999
DSOM,9.538477028580404
