Case,Save
TSOM,33.676431743516964
DSOM,27.047080771575356
