Case,Save
TSOM,31.502332638304836
DSOM,16.067388255470892
