SummeUp,SummeLL,SummeDn
5.033872962540937e6,297587.72903733357,-5.331460687675194e6
