SummeUp,SummeLL,SummeDn
4.137752213100627e7,3.071587762271426e6,-4.444910989327319e7
